<?xml version="1.0" encoding="utf-8"?>

<!--
	fhShow Flip 1.0 configuration file
	Please visit http://www.sctechllc.com/ for more info
-->

<slide_show>
	<options>
		<debug>false</debug>                <!-- true, false -->
	        <background>transparent</background>		<!-- #RRGGBB, transparent -->
	        <friction>5</friction>              <!-- [1,100] -->
	        <fullscreen>false</fullscreen>      <!-- true, false -->
        	<fieldOfView>55</fieldOfView>       <!-- [1,179] -->
	 
        	<margins>
	            <top>0</top>                    <!-- [-1000,1000] pixels -->
        	    <left>0</left>                  <!-- [-1000,1000] pixels -->
	            <bottom>0</bottom>              <!-- [-1000,1000] pixels -->
        	    <right>0</right>                <!-- [-1000,1000] pixels -->
	        </margins>
 
 	       <interaction>
        	    <flip>mouse</flip>                   <!-- auto, mouse, keyboard -->
	            <vertical>true</vertical>            <!-- true, false -->
        	    <speed>180</speed>                   <!-- [-360,360] degrees per second -->
 
	            <default_speed>30</default_speed>    <!-- [-360,360] degrees per second -->
        	    <reset_delay>30</reset_delay>        <!-- [0,600] seconds, 0 means never reset -->
	        </interaction>
 
 	       <reflection>
        	    <amount>100</amount>      <!-- [0,1000] pixels -->
	            <blur>2</blur>            <!-- [0,100] blur amount -->
        	    <distance>0</distance>    <!-- [-1000,1000] pixels -->
	            <alpha>50%</alpha>        <!-- [0,100] percentage -->
        	</reflection>
	</options>

	<photo href="http://www.sctechllc.com/" target="_self">./photos/SCTVInfo_Slide_1.jpg</photo>
	<photo href="http://www.sctechllc.com/" target="_self">./photos/SCTVInfo_Slide_2.jpg</photo>
	<photo href="http://www.sctechllc.com/" target="_self">./photos/SCTVInfo_Slide_3.jpg</photo>
	<photo href="http://www.sctechllc.com/" target="_self">./photos/SCTVInfo_Slide_4.jpg</photo>
	<photo href="http://www.sctechllc.com/" target="_self">./photos/SCTVInfo_Slide_5.jpg</photo>
	<photo href="http://www.sctechllc.com/" target="_self">./photos/SCTVInfo_Slide_6.jpg</photo>
	<photo href="http://www.sctechllc.com/" target="_self">./photos/SCTVInfo_Slide_7.jpg</photo>
	<photo href="http://www.sctechllc.com/" target="_self">./photos/SCTVInfo_Slide_8.jpg</photo>
	<photo href="http://www.sctechllc.com/" target="_self">./photos/SCTVInfo_Slide_9.jpg</photo>
	<photo href="http://www.sctechllc.com/" target="_self">./photos/SCTVInfo_Slide_10.jpg</photo>
	<photo href="http://www.sctechllc.com/" target="_self">./photos/SCTVInfo_Slide_11.jpg</photo>
	<photo href="http://www.sctechllc.com/" target="_self">./photos/SCTVInfo_Slide_12.jpg</photo>
	<photo href="http://www.sctechllc.com/" target="_self">./photos/SCTVInfo_Slide_13.jpg</photo>
	<photo href="http://www.sctechllc.com/" target="_self">./photos/SCTVInfo_Slide_14.jpg</photo>
	<photo href="http://www.sctechllc.com/" target="_self">./photos/SCTVInfo_Slide_15.jpg</photo>
	<photo href="http://www.sctechllc.com/" target="_self">./photos/SCTVInfo_Slide_16.jpg</photo>
	<photo href="http://www.sctechllc.com/" target="_self">./photos/SCTVInfo_Slide_17.jpg</photo>
	<photo href="http://www.sctechllc.com/" target="_self">./photos/SCTVInfo_Slide_18.jpg</photo>
	<photo href="http://www.sctechllc.com/" target="_self">./photos/SCTVInfo_Slide_19.jpg</photo>
	<photo href="http://www.sctechllc.com/" target="_self">./photos/SCTVInfo_Slide_20.jpg</photo>
	<photo href="http://www.sctechllc.com/" target="_self">./photos/SCTVInfo_Slide_21.jpg</photo>
	<photo href="http://www.sctechllc.com/" target="_self">./photos/SCTVInfo_Slide_22.jpg</photo>
	<photo href="http://www.sctechllc.com/" target="_self">./photos/SCTVInfo_Slide_23.jpg</photo>
	<photo href="http://www.sctechllc.com/" target="_self">./photos/SCTVInfo_Slide_24.jpg</photo>
	<photo href="http://www.sctechllc.com/" target="_self">./photos/SCTVInfo_Slide_25.jpg</photo>
	<photo href="http://www.sctechllc.com/" target="_self">./photos/SCTVInfo_Slide_26.jpg</photo>
	<photo href="http://www.sctechllc.com/" target="_self">./photos/SCTVInfo_Slide_27.jpg</photo>
	<photo href="http://www.sctechllc.com/" target="_self">./photos/SCTVInfo_Slide_28.jpg</photo>
	<photo href="http://www.sctechllc.com/" target="_self">./photos/SCTVInfo_Slide_29.jpg</photo>
	<photo href="http://www.sctechllc.com/" target="_self">./photos/SCTVInfo_Slide_30.jpg</photo>
	<photo href="http://www.sctechllc.com/" target="_self">./photos/SCTVInfo_Slide_31.jpg</photo>
	<photo href="http://www.sctechllc.com/" target="_self">./photos/SCTVInfo_Slide_32.jpg</photo>
	<photo href="http://www.sctechllc.com/" target="_self">./photos/SCTVInfo_Slide_34.jpg</photo>
	<photo href="http://www.sctechllc.com/" target="_self">./photos/SCTVInfo_Slide_35.jpg</photo>
</slide_show>